AccountAddress,ValidatorAddress,TotalStake
account_rdx16ytpkj9av6jtaetcrspk02jf7kge8mhap7vu4gzqs5hl369u4sggag,validator_rdx1sd6n65sx0thvfzfp6x0jp4qgwxtudpx575wpwqespdlva2wldul9xk,3000000.0
account_rdx16y0tuf9vyc8vj2lyt9s596u4vjn0e0g4nv0y44vhkacv7w0qthuh3z,validator_rdx1sd6n65sx0thvfzfp6x0jp4qgwxtudpx575wpwqespdlva2wldul9xk,2000000.0
account_rdx168raudh2avum7pdktvtta894f4h93kqkpkhslwzacw7tp0rf9s3nx2,validator_rdx1sd6n65sx0thvfzfp6x0jp4qgwxtudpx575wpwqespdlva2wldul9xk,550000.0
account_rdx169k4jnpzhu78aahsxd4vhxxdau4spsk3mc4ved65gx8zptxunqu4a0,validator_rdx1sd6n65sx0thvfzfp6x0jp4qgwxtudpx575wpwqespdlva2wldul9xk,390400.0
account_rdx16872qlxchfr0wwyqum5ym3yuc4e8ss873su95y6jg2ekczmgpz8yf9,validator_rdx1sd6n65sx0thvfzfp6x0jp4qgwxtudpx575wpwqespdlva2wldul9xk,250000.0
account_rdx16ycjthvxh9u2lmlsdft3gh6zu3wclt2xd7n7zup3jh6a5yj86ykzzu,validator_rdx1sd6n65sx0thvfzfp6x0jp4qgwxtudpx575wpwqespdlva2wldul9xk,179500.0
account_rdx168sgqzzgcjx70ck3nfy3svxgkf33nz4v39jn4svj02ay7dk2kmde4t,validator_rdx1sd6n65sx0thvfzfp6x0jp4qgwxtudpx575wpwqespdlva2wldul9xk,152800.0
account_rdx1688dxj6a8x25aqsahl8luv8tpdzrc5wtfh9eee9f89sm6pujg4yvvf,validator_rdx1sd6n65sx0thvfzfp6x0jp4qgwxtudpx575wpwqespdlva2wldul9xk,150000.0
account_rdx16xx5tvk9estym5kff5r40nsv4yknld6fr8tsn3zz2t9havdrpvxn4s,validator_rdx1sd6n65sx0thvfzfp6x0jp4qgwxtudpx575wpwqespdlva2wldul9xk,150000.0
account_rdx16xhe8zqt2d5x45vut06m3qyjfq74ykpn2j930uj2psrpysz7xutwsp,validator_rdx1sd6n65sx0thvfzfp6x0jp4qgwxtudpx575wpwqespdlva2wldul9xk,127400.0
account_rdx168szzjrtpmmu0rgeeugn23p2wf5m5d8lw0ys3vfgswcfga8ymmjtzj,validator_rdx1sd6n65sx0thvfzfp6x0jp4qgwxtudpx575wpwqespdlva2wldul9xk,120000.0
account_rdx16yq3a9rjyt9aq6ldat7skkatkl7xtxq06vlqs9w6v3dpwjmpe7uumz,validator_rdx1sd6n65sx0thvfzfp6x0jp4qgwxtudpx575wpwqespdlva2wldul9xk,101900.0
account_rdx16yxg4phn3xxntau8etm99r43x70rcett7qsh4ux0lx7jyhwcx3654a,validator_rdx1sd6n65sx0thvfzfp6x0jp4qgwxtudpx575wpwqespdlva2wldul9xk,97900.0
account_rdx16y6j8pd5j860ff44yxu6y2mjnm72ttaffss3ezm4rmgtdqmsufgjk3,validator_rdx1sd6n65sx0thvfzfp6x0jp4qgwxtudpx575wpwqespdlva2wldul9xk,94250.0
account_rdx16xattftp9krlh0u9fy59alymtt65phw6pm43lgdk4kzry62vsmm3qs,validator_rdx1sd6n65sx0thvfzfp6x0jp4qgwxtudpx575wpwqespdlva2wldul9xk,93120.0
account_rdx169cz2te82emf2q4z7cwmtn44mctqwnca0nduppssvvf98dcc5w03n4,validator_rdx1sd6n65sx0thvfzfp6x0jp4qgwxtudpx575wpwqespdlva2wldul9xk,91940.0
account_rdx16ydkfmws0zk9yygntxmqqqyss89v5km9a9twjp0k696lr7wmmh590v,validator_rdx1sd6n65sx0thvfzfp6x0jp4qgwxtudpx575wpwqespdlva2wldul9xk,85000.0
account_rdx168jmgwal3732k38vpnrauq7w2w0wgs98qkm9jza0dx32s384tt9mya,validator_rdx1sd6n65sx0thvfzfp6x0jp4qgwxtudpx575wpwqespdlva2wldul9xk,80000.0
account_rdx169wmrcer4zzgrndvkfr5fspm6s2t7cuuad9l2gqdzq397rsu3n2dyd,validator_rdx1sd6n65sx0thvfzfp6x0jp4qgwxtudpx575wpwqespdlva2wldul9xk,70000.0
account_rdx168hzhhhswhymhw92wxlgu4w54akthf2mh02m0xfnc7r794atdzeq5d,validator_rdx1sd6n65sx0thvfzfp6x0jp4qgwxtudpx575wpwqespdlva2wldul9xk,56000.0
account_rdx169vwxkklyurz0wxulgpx4v0zxv3ezzajlv2ynslcccs2vamwatewpy,validator_rdx1sd6n65sx0thvfzfp6x0jp4qgwxtudpx575wpwqespdlva2wldul9xk,50000.0
account_rdx16838hpfqw4nt7pkj53lu23cvdkxec85q20re7s9nzjx9z9fssjz9cv,validator_rdx1sd6n65sx0thvfzfp6x0jp4qgwxtudpx575wpwqespdlva2wldul9xk,47600.0
account_rdx16974xpkq2mrfr5zmj5rhymzeyttv7t53x8us4q66kkj4s3vgrk2c06,validator_rdx1sd6n65sx0thvfzfp6x0jp4qgwxtudpx575wpwqespdlva2wldul9xk,44100.0
account_rdx168pn5mfsdja7sgeddyk2la9p8dy8vxqjycr4sf084xvfrdenwd7cjf,validator_rdx1sd6n65sx0thvfzfp6x0jp4qgwxtudpx575wpwqespdlva2wldul9xk,43000.0
account_rdx1695jh75pe20eccx80he3nl2k56nq0vw4ttped6j3689ugzffwjgm7c,validator_rdx1sd6n65sx0thvfzfp6x0jp4qgwxtudpx575wpwqespdlva2wldul9xk,42880.0
account_rdx16xmm5m3d0h565qwqr4dje7pqk3ce4qqa2hc0atme0ednq5u7rx8fya,validator_rdx1sd6n65sx0thvfzfp6x0jp4qgwxtudpx575wpwqespdlva2wldul9xk,40000.0
account_rdx16y6eskw694nkmjf28e9wsaqfc6af49jzy6zqva0jkfsss97x5w04je,validator_rdx1sd6n65sx0thvfzfp6x0jp4qgwxtudpx575wpwqespdlva2wldul9xk,38000.0
account_rdx1282dgf0ssp0dnkv7nrrtv90lnyjrckgfzajkmjhfp0gqgzglr963x2,validator_rdx1sd6n65sx0thvfzfp6x0jp4qgwxtudpx575wpwqespdlva2wldul9xk,35000.0
account_rdx16896af5ju92pkv2hfrc94wftx6a3r8smjt8xxxkwnu7juszd588uz6,validator_rdx1sd6n65sx0thvfzfp6x0jp4qgwxtudpx575wpwqespdlva2wldul9xk,30000.0
account_rdx16yz6380q7dakasuf9gf7k8y493np9k9spep92ndhz9lv77qt6vu0ht,validator_rdx1sd6n65sx0thvfzfp6x0jp4qgwxtudpx575wpwqespdlva2wldul9xk,30000.0
account_rdx16yrhffj70qt7769eyafetlawv07w72zdfker3528458pc4glqeyg3k,validator_rdx1sd6n65sx0thvfzfp6x0jp4qgwxtudpx575wpwqespdlva2wldul9xk,26625.0
account_rdx16y6ve66qwtadj6zw6vjlhl2us8ck6tewegvu9datrv9qqv34x4ws2u,validator_rdx1sd6n65sx0thvfzfp6x0jp4qgwxtudpx575wpwqespdlva2wldul9xk,24809.342892638
account_rdx16x2qawhaqdxguu7zykrnfd9uknu3r63mzc5wh36e0skscrhh58238g,validator_rdx1sd6n65sx0thvfzfp6x0jp4qgwxtudpx575wpwqespdlva2wldul9xk,23000.0
account_rdx1290qnejj8zkh5dtr9gmxv5nkdkyf9vfdyj0kpvlsx69gjughnur73q,validator_rdx1sd6n65sx0thvfzfp6x0jp4qgwxtudpx575wpwqespdlva2wldul9xk,22000.0
account_rdx16xzrtatxyl045hlayflstc74dkmt0gsufcnjkc0r7athw44s0dg4lt,validator_rdx1sd6n65sx0thvfzfp6x0jp4qgwxtudpx575wpwqespdlva2wldul9xk,22000.0
account_rdx16xap26hyc2m0wghp2q4e3wjedjj63vxcdccvrhz3ymyhh82m9tq252,validator_rdx1sd6n65sx0thvfzfp6x0jp4qgwxtudpx575wpwqespdlva2wldul9xk,20000.0
account_rdx1686glfx86e308rrmkrp6h644ncqay3w80dhtul0yffduk0qp8sts5k,validator_rdx1sd6n65sx0thvfzfp6x0jp4qgwxtudpx575wpwqespdlva2wldul9xk,20000.0
account_rdx16ygc46zgw8vvzfg7306d7vrddfxemm8vtd4s45ug4c2yjcfyjagl4n,validator_rdx1sd6n65sx0thvfzfp6x0jp4qgwxtudpx575wpwqespdlva2wldul9xk,20000.0
account_rdx16xu2t4ese7n43kurvmhv5cu780quk7853s37ha8ep8s7gkfm3fx9tr,validator_rdx1sd6n65sx0thvfzfp6x0jp4qgwxtudpx575wpwqespdlva2wldul9xk,18000.0
account_rdx16ye9e0jphyd7apj8u7wv7f8jefxjprgh7h3crkejg5tp3md4ukfget,validator_rdx1sd6n65sx0thvfzfp6x0jp4qgwxtudpx575wpwqespdlva2wldul9xk,17501.0
account_rdx16yrue2ar9645q3wpcd9sahc9dxsmtf2rq8tuc49q9h7j9g84xwh07e,validator_rdx1sd6n65sx0thvfzfp6x0jp4qgwxtudpx575wpwqespdlva2wldul9xk,17500.0
account_rdx16yylmjdvu692j58mgh6gjh49xzve2yytxjvhpkc5vwj76cw86x4mcu,validator_rdx1sd6n65sx0thvfzfp6x0jp4qgwxtudpx575wpwqespdlva2wldul9xk,15000.0
account_rdx12xnn6sx5y3rmhy48kn6kegtmh8rljfx5yqe368kdav5yzxqxgrc5xh,validator_rdx1sd6n65sx0thvfzfp6x0jp4qgwxtudpx575wpwqespdlva2wldul9xk,14000.0
account_rdx1699uwcsnfa2wud2h4yuytphp5vzsthhlu4zjussv5w5gma4zumzdzs,validator_rdx1sd6n65sx0thvfzfp6x0jp4qgwxtudpx575wpwqespdlva2wldul9xk,13000.0
account_rdx16875clzwxwvrj7vd4gwtgkp28fjhglgv5axr0kj23zsg0x9pyxs9fu,validator_rdx1sd6n65sx0thvfzfp6x0jp4qgwxtudpx575wpwqespdlva2wldul9xk,13000.0
account_rdx168ty873srn99szypjd5lr2fkvhksys7mvnngp9srt8cdqxc8ejhz80,validator_rdx1sd6n65sx0thvfzfp6x0jp4qgwxtudpx575wpwqespdlva2wldul9xk,12870.0
account_rdx16yzf5jpc3hfakzr0gtemw58unfktchlkrmgzk6t9w4nzp2al50cgqx,validator_rdx1sd6n65sx0thvfzfp6x0jp4qgwxtudpx575wpwqespdlva2wldul9xk,12600.0
account_rdx16yh3nhdfl2huw3p0ccgq9nhpaq8ss5udkc9v76unnzm8u05a44l9z8,validator_rdx1sd6n65sx0thvfzfp6x0jp4qgwxtudpx575wpwqespdlva2wldul9xk,12020.0
account_rdx16xwfhgtndp3vv9pang5t5c6aeng8yzllr5qmhfhh0m6raf2l3qm6ac,validator_rdx1sd6n65sx0thvfzfp6x0jp4qgwxtudpx575wpwqespdlva2wldul9xk,12000.0
account_rdx16828eu8g5p5l4ww885mtp97de6cdf6qg2rqjht55ejugnphv0j2ydu,validator_rdx1sd6n65sx0thvfzfp6x0jp4qgwxtudpx575wpwqespdlva2wldul9xk,10900.0
account_rdx168zguu0w84a8p5aydc6muwvpz9cd25gr60h59lwaneht3mr6wlepan,validator_rdx1sd6n65sx0thvfzfp6x0jp4qgwxtudpx575wpwqespdlva2wldul9xk,10600.0
account_rdx16yygmg35tg8e2jm9sq7807vmascac4ysz4t4tpt38y3p8a0s30h4d0,validator_rdx1sd6n65sx0thvfzfp6x0jp4qgwxtudpx575wpwqespdlva2wldul9xk,10500.0
account_rdx16x347x7xxyasz5k8ntruhezpf7cn0y0wulc5p88hephh9tmeh9xyc6,validator_rdx1sd6n65sx0thvfzfp6x0jp4qgwxtudpx575wpwqespdlva2wldul9xk,10000.0
account_rdx1680hlralwwn6ad8t64jwuzjluackkvqaz8rc56kw45nx5e4dpthpug,validator_rdx1sd6n65sx0thvfzfp6x0jp4qgwxtudpx575wpwqespdlva2wldul9xk,10000.0
account_rdx1698c38ncu0kyfjr4xdsew0ks7yf0tzgcnxpmcn0j4yzspgcsmh6svf,validator_rdx1sd6n65sx0thvfzfp6x0jp4qgwxtudpx575wpwqespdlva2wldul9xk,10000.0
account_rdx168h2fenkq7mh699k64vmgzufag5fed6yc95vhv6sce937v30mmpdc6,validator_rdx1sd6n65sx0thvfzfp6x0jp4qgwxtudpx575wpwqespdlva2wldul9xk,10000.0
account_rdx16x9p4prrvkq40m824zvfrhfh0qac3r22c3eyd2r2ejgc6fkdq9t39w,validator_rdx1sd6n65sx0thvfzfp6x0jp4qgwxtudpx575wpwqespdlva2wldul9xk,10000.0
account_rdx16xnnmw74zfamt85qq9hfaa42gl3cg3tpsq8xwpwcdfflm2wdretn9r,validator_rdx1sd6n65sx0thvfzfp6x0jp4qgwxtudpx575wpwqespdlva2wldul9xk,10000.0
account_rdx168qxlpvvjtcse0r203qz58pdh00w2fmnslzfnrzkcr7glw6rqgulj3,validator_rdx1sd6n65sx0thvfzfp6x0jp4qgwxtudpx575wpwqespdlva2wldul9xk,9950.0
account_rdx12yr634z7xtpjvkk3jzrw94k9zhgq5glwz55wd6nn7lhgkzffwnum0r,validator_rdx1sd6n65sx0thvfzfp6x0jp4qgwxtudpx575wpwqespdlva2wldul9xk,8300.0
validator_rdx1sd6n65sx0thvfzfp6x0jp4qgwxtudpx575wpwqespdlva2wldul9xk,validator_rdx1sd6n65sx0thvfzfp6x0jp4qgwxtudpx575wpwqespdlva2wldul9xk,7271.407720889569
account_rdx168plq6j3my82cfh0pgcty6mzkhcms3z5yjucs5dzehp4tmnrck9m3q,validator_rdx1sd6n65sx0thvfzfp6x0jp4qgwxtudpx575wpwqespdlva2wldul9xk,7200.0
account_rdx168munrsftc470ap0wwvtcjugjtutqgyt0439s8epxuzyh22cttxzjg,validator_rdx1sd6n65sx0thvfzfp6x0jp4qgwxtudpx575wpwqespdlva2wldul9xk,7000.0
account_rdx168zg3a2ftml8v44c063nrpku6rug58yfxsu26pkhkc7ujgm3x6thau,validator_rdx1sd6n65sx0thvfzfp6x0jp4qgwxtudpx575wpwqespdlva2wldul9xk,7000.0
account_rdx168uekz4l9sypt5x559myw9nf4nwvhcql4aqefrf6yhek79mtcdzzzf,validator_rdx1sd6n65sx0thvfzfp6x0jp4qgwxtudpx575wpwqespdlva2wldul9xk,6400.0
account_rdx168md4yhlx79nvgrs7rhcmmqzu462ugg94nlms3pvtdphz2farqehl0,validator_rdx1sd6n65sx0thvfzfp6x0jp4qgwxtudpx575wpwqespdlva2wldul9xk,6000.0
account_rdx16xk50tq5qea4ujgf3y0k5x5fpt7s6hrsx2vwyyt4n8hmuxdmhuvpys,validator_rdx1sd6n65sx0thvfzfp6x0jp4qgwxtudpx575wpwqespdlva2wldul9xk,5750.0
account_rdx16ys53ewsdrlmjyen3urk3v9hhd3ls70skd2xdc4tw8p67w6azvm5k3,validator_rdx1sd6n65sx0thvfzfp6x0jp4qgwxtudpx575wpwqespdlva2wldul9xk,5675.0
account_rdx16xahafrnrdjr2659emql8htqgm9yx3c93w99kj0ahsuq49ervxw3ua,validator_rdx1sd6n65sx0thvfzfp6x0jp4qgwxtudpx575wpwqespdlva2wldul9xk,5000.0
account_rdx16yvkw6ad2andevpx7z5865flmpn7vguvwvvmsdw29ahf6j58apfmt2,validator_rdx1sd6n65sx0thvfzfp6x0jp4qgwxtudpx575wpwqespdlva2wldul9xk,5000.0
account_rdx1687grn4y593gh7ts96nm34f8v6p35alrtu2vuq620ryt5h89dxqtj9,validator_rdx1sd6n65sx0thvfzfp6x0jp4qgwxtudpx575wpwqespdlva2wldul9xk,5000.0
account_rdx169a3tc7c0w2jz64aqc6j3fj3aw5y9tgdknv5v79ce6janx9jcenrpn,validator_rdx1sd6n65sx0thvfzfp6x0jp4qgwxtudpx575wpwqespdlva2wldul9xk,5000.0
account_rdx16yr77v5u8tld2u20zzfqs59zvuqzswcgrnutv5qwf7jhmk7kr2jhe5,validator_rdx1sd6n65sx0thvfzfp6x0jp4qgwxtudpx575wpwqespdlva2wldul9xk,4500.0
account_rdx129jh2zrwhvm9mtuk5ktste5m2cyg86uz7dfkpqpsmtp4lz5mh6wpfk,validator_rdx1sd6n65sx0thvfzfp6x0jp4qgwxtudpx575wpwqespdlva2wldul9xk,4140.0
account_rdx1692hahrly4wxyqt632x5y9prjafzk4s6wk3ny8tgm0jwlwmjfl4rxx,validator_rdx1sd6n65sx0thvfzfp6x0jp4qgwxtudpx575wpwqespdlva2wldul9xk,4140.0
account_rdx169heanxencs3cmq5q2uwl4qm6gphqe37rkm9v2y3qkh6w4vjj9x2aj,validator_rdx1sd6n65sx0thvfzfp6x0jp4qgwxtudpx575wpwqespdlva2wldul9xk,4050.0
account_rdx12xzkff2fj4lh0we97r6k3h6a99vm4422q5nsld656wvlu0xyf47qs3,validator_rdx1sd6n65sx0thvfzfp6x0jp4qgwxtudpx575wpwqespdlva2wldul9xk,4000.0
account_rdx168wdpckj2ndzdw8k6aykdeeptzpe8g7x4ufrna7v6ny6nww54vzw0g,validator_rdx1sd6n65sx0thvfzfp6x0jp4qgwxtudpx575wpwqespdlva2wldul9xk,4000.0
account_rdx16935f99rc2rwy50sqz5cnfs74k46t2gsdsk6e455z4eyf2xgzj5qqg,validator_rdx1sd6n65sx0thvfzfp6x0jp4qgwxtudpx575wpwqespdlva2wldul9xk,3500.0
account_rdx16xpyflqmvvnzlctawj6s4zhqtx7cw8uajmpjhhe2etf0trku7x6gtz,validator_rdx1sd6n65sx0thvfzfp6x0jp4qgwxtudpx575wpwqespdlva2wldul9xk,3150.0
account_rdx16yupcs3gplz63097gtd55gwh449agt8jkf3f0wmpg7a4tl4z50raud,validator_rdx1sd6n65sx0thvfzfp6x0jp4qgwxtudpx575wpwqespdlva2wldul9xk,3005.0
account_rdx16y5n4sn6jaula5wmlyqjmlvlltenxpwpgqayvxajg30t3nz8l26j2g,validator_rdx1sd6n65sx0thvfzfp6x0jp4qgwxtudpx575wpwqespdlva2wldul9xk,3000.0
account_rdx169rtz9ccdjfwktltxqa3ams69vrmgu8l3qpujgpezx9vj20z5m8gu4,validator_rdx1sd6n65sx0thvfzfp6x0jp4qgwxtudpx575wpwqespdlva2wldul9xk,2900.0
account_rdx169sx2l8fn6egvk5yxd7vxk8c3gn0afnywtyur849pxlc2wdhpympcs,validator_rdx1sd6n65sx0thvfzfp6x0jp4qgwxtudpx575wpwqespdlva2wldul9xk,2800.0
account_rdx1694ullvfs94thnzrl6dplw3mxw5dyalsdv978t74ycp6zwayecenw5,validator_rdx1sd6n65sx0thvfzfp6x0jp4qgwxtudpx575wpwqespdlva2wldul9xk,2500.0
account_rdx129lh2vr60cvren6qdujd7agj9kdaksflpe2f3dlldjzph3nq7unw43,validator_rdx1sd6n65sx0thvfzfp6x0jp4qgwxtudpx575wpwqespdlva2wldul9xk,2450.0
account_rdx1297gfn7pe055xk4vpxrnklx2y3tzkl5rhckkzfsd7k53n7wmy367sc,validator_rdx1sd6n65sx0thvfzfp6x0jp4qgwxtudpx575wpwqespdlva2wldul9xk,2100.0
account_rdx16x2a4jc7cxjc7tfx9f74esqu65argp64k3ydx7jqc9tt475t8httnt,validator_rdx1sd6n65sx0thvfzfp6x0jp4qgwxtudpx575wpwqespdlva2wldul9xk,2000.0
account_rdx16y42c8j59vsshteaa9g0s4s59cpq9062uq6yqzdf3rszskxeycafqq,validator_rdx1sd6n65sx0thvfzfp6x0jp4qgwxtudpx575wpwqespdlva2wldul9xk,2000.0
account_rdx169fm8vyar8eyx9m6ykncuncxxhlxjuex40k6m94ncx75dg6dv363sh,validator_rdx1sd6n65sx0thvfzfp6x0jp4qgwxtudpx575wpwqespdlva2wldul9xk,2000.0
account_rdx16x3624k6nxeur6f360kc0zfrv65xa4np7r0prfzv7zry759t9v8zf7,validator_rdx1sd6n65sx0thvfzfp6x0jp4qgwxtudpx575wpwqespdlva2wldul9xk,2000.0
account_rdx16889a59pc98nneajmwra3mj78k48nrnzsg03gg6q20n7k7r8xnz6tv,validator_rdx1sd6n65sx0thvfzfp6x0jp4qgwxtudpx575wpwqespdlva2wldul9xk,2000.0
account_rdx169np25ky5tqwqv55hp52gavr3rwt2x0y02rd87a33v9df2dkv0facz,validator_rdx1sd6n65sx0thvfzfp6x0jp4qgwxtudpx575wpwqespdlva2wldul9xk,1730.0
account_rdx16yfxp4lv7c9ggsdhf2h4kp5mtnrwrpr4zpsy6ykv8s88k95gyn9s8m,validator_rdx1sd6n65sx0thvfzfp6x0jp4qgwxtudpx575wpwqespdlva2wldul9xk,1700.0
account_rdx168kv3g4ghnjn6j2v37ynxm5a8h88j486yeur0n7s6d047jnlccvweq,validator_rdx1sd6n65sx0thvfzfp6x0jp4qgwxtudpx575wpwqespdlva2wldul9xk,1500.0
account_rdx16ykf7l7ncm3d5hs8gwd7rpe6t7hu6etesv4cxnljwuggktfzd5vlcg,validator_rdx1sd6n65sx0thvfzfp6x0jp4qgwxtudpx575wpwqespdlva2wldul9xk,1500.0
account_rdx129xlhvxgk0fvle05qwwkc3vyl3lp8mnxfsvflkswgh6s5nn90upgu2,validator_rdx1sd6n65sx0thvfzfp6x0jp4qgwxtudpx575wpwqespdlva2wldul9xk,1490.0
account_rdx16934zhpxwhjftl6vstnqv56nzheq6w4d67et378zfcazu7cszxvm4h,validator_rdx1sd6n65sx0thvfzfp6x0jp4qgwxtudpx575wpwqespdlva2wldul9xk,1392.0
account_rdx16yrtrg3xlfrzjql2yzm8z7ry2enf04ztytncsp8r3w6e56zpyygwgw,validator_rdx1sd6n65sx0thvfzfp6x0jp4qgwxtudpx575wpwqespdlva2wldul9xk,1300.0
account_rdx16xax7ella70td9v2wlkkxr0ry3f4hm5ranhdtrcq96ass2ralj33rm,validator_rdx1sd6n65sx0thvfzfp6x0jp4qgwxtudpx575wpwqespdlva2wldul9xk,1150.0
account_rdx169fthpj0gh7qzkg60ngsca8mwh3m67jj54g8457y0ggtdtsqusya5e,validator_rdx1sd6n65sx0thvfzfp6x0jp4qgwxtudpx575wpwqespdlva2wldul9xk,1120.0
account_rdx1687eylz9lqdssfmu6x596k07k0e2t7n8uhylyxnxwzl58dw62ja0d4,validator_rdx1sd6n65sx0thvfzfp6x0jp4qgwxtudpx575wpwqespdlva2wldul9xk,1100.0
account_rdx16xd984s7af55h0cjn0tdp62ggskvlvpm3rdja8u2szdkm8fsj7x8m0,validator_rdx1sd6n65sx0thvfzfp6x0jp4qgwxtudpx575wpwqespdlva2wldul9xk,1100.0
account_rdx12xgmr4t8psslthky9hrdmg7k8v7hz53m2hq0tyfnvqpxpuhu5au37t,validator_rdx1sd6n65sx0thvfzfp6x0jp4qgwxtudpx575wpwqespdlva2wldul9xk,1050.0
account_rdx169npkatx7cgn83hvynpm5lqkx79s9ky3ach26z6llftw7z5p3zr586,validator_rdx1sd6n65sx0thvfzfp6x0jp4qgwxtudpx575wpwqespdlva2wldul9xk,1050.0
account_rdx169vflen58p64nm3rgemjmqlsgkhfhg5kjrdvp3f9k47z5gr9ffaswx,validator_rdx1sd6n65sx0thvfzfp6x0jp4qgwxtudpx575wpwqespdlva2wldul9xk,1050.0
account_rdx16y4x7pfc75wag89cdax6lnwk7cnwcs77wpw6sd8mwf2u9ekvwstv8q,validator_rdx1sd6n65sx0thvfzfp6x0jp4qgwxtudpx575wpwqespdlva2wldul9xk,1000.0
account_rdx12xpxmwkmumghz4a8j8ngldrah7mzg9jmgnwt9qqdg62ytnvm3m00c6,validator_rdx1sd6n65sx0thvfzfp6x0jp4qgwxtudpx575wpwqespdlva2wldul9xk,1000.0
account_rdx16yghg9fpydw5rhcrtah57rpm4cp9fs72sm5sa6ujh7z4ygvr9z75cp,validator_rdx1sd6n65sx0thvfzfp6x0jp4qgwxtudpx575wpwqespdlva2wldul9xk,1000.0
account_rdx169c59m6cgjwkpvjfh6mnpwvprcsflzvggnyhqx5p0cxpgdrfrspjvy,validator_rdx1sd6n65sx0thvfzfp6x0jp4qgwxtudpx575wpwqespdlva2wldul9xk,1000.0
account_rdx16y93d5sc54sh3f6ph5czng422ge8ak7llfrgv04tcv0lr6q3ncdkrj,validator_rdx1sd6n65sx0thvfzfp6x0jp4qgwxtudpx575wpwqespdlva2wldul9xk,1000.0
account_rdx1282dxusft8lqz4azr9j35jxrdm9psv70ygz2uwqlwxzu6y29rtefrk,validator_rdx1sd6n65sx0thvfzfp6x0jp4qgwxtudpx575wpwqespdlva2wldul9xk,1000.0
account_rdx169ezxv6fk3zfewdwjtwznzc98jaugwjv8g8m0wwskqd42tfquxvgne,validator_rdx1sd6n65sx0thvfzfp6x0jp4qgwxtudpx575wpwqespdlva2wldul9xk,1000.0
account_rdx16ys2q6rhcdt69r4ps62f63lv82ykh4ftw9mfztzvtuzr28shv2a9fv,validator_rdx1sd6n65sx0thvfzfp6x0jp4qgwxtudpx575wpwqespdlva2wldul9xk,1000.0
account_rdx168xhyxuvqu7y6kctg5u893ppfw0p7ajm3kfldd80znvnvls9g7wfe3,validator_rdx1sd6n65sx0thvfzfp6x0jp4qgwxtudpx575wpwqespdlva2wldul9xk,1000.0
account_rdx169nmsqt9cv8cpp7s9q9g943uhapfe0pxcyyx4950dk8h7cc3mf6tpv,validator_rdx1sd6n65sx0thvfzfp6x0jp4qgwxtudpx575wpwqespdlva2wldul9xk,1000.0
account_rdx1695v9rv2wcvj4yq98t45qntszzp5j2nsza3ur02merwlzqacn6mds6,validator_rdx1sd6n65sx0thvfzfp6x0jp4qgwxtudpx575wpwqespdlva2wldul9xk,1000.0
account_rdx168j7su9000fu9dlu8j3duzwjx2xmlph35cnye0rskjsm28r3dnrwp4,validator_rdx1sd6n65sx0thvfzfp6x0jp4qgwxtudpx575wpwqespdlva2wldul9xk,1000.0
account_rdx16xsjjugp4p9qqcvp0umqxp4em8pn06lq3560yl4ka92rexnn5sakfj,validator_rdx1sd6n65sx0thvfzfp6x0jp4qgwxtudpx575wpwqespdlva2wldul9xk,1000.0
account_rdx168srcupcn8t02stzfkdtc2hcgp7ky5f377n0tdreurw5g9k3527q64,validator_rdx1sd6n65sx0thvfzfp6x0jp4qgwxtudpx575wpwqespdlva2wldul9xk,1000.0
account_rdx168qqt056pcvn5fjy9kdwejnp9fyw35d9t7urgfklpc8awfmenns88k,validator_rdx1sd6n65sx0thvfzfp6x0jp4qgwxtudpx575wpwqespdlva2wldul9xk,1000.0
account_rdx16x0d2ghj37hzghsllahy8xzt72qdav7505wprm7yccnam70jn54cws,validator_rdx1sd6n65sx0thvfzfp6x0jp4qgwxtudpx575wpwqespdlva2wldul9xk,802.6788753372858
account_rdx16ykgfqn94adk6repfut5y6nm35cvsd37qjedknpuvwu49uwvvaxkj2,validator_rdx1sd6n65sx0thvfzfp6x0jp4qgwxtudpx575wpwqespdlva2wldul9xk,800.0
account_rdx16xgpuxh89ys2m7wzy4j8yg3v6srq2xgsmrw98ch9g6jh9uk3rhzav7,validator_rdx1sd6n65sx0thvfzfp6x0jp4qgwxtudpx575wpwqespdlva2wldul9xk,780.0
account_rdx16xavsnklk55msr3ynl7vg4qt6wz8y80ns3vty94an0l6mp2ht22c2k,validator_rdx1sd6n65sx0thvfzfp6x0jp4qgwxtudpx575wpwqespdlva2wldul9xk,780.0
account_rdx16999v6d4aqt0ng22ejhm69ds2r3avdjw6rrvyehjp8vlhu6g3yp338,validator_rdx1sd6n65sx0thvfzfp6x0jp4qgwxtudpx575wpwqespdlva2wldul9xk,500.0
account_rdx16x7yjdnp079csn0lt77506v80ppfdwl08r29d3cvnqryaxjewtmlvh,validator_rdx1sd6n65sx0thvfzfp6x0jp4qgwxtudpx575wpwqespdlva2wldul9xk,500.0
account_rdx1685dwvtzhenux4scm3vvqmrcjnxryyqhwt6p7490fzsga2xkz8e4wc,validator_rdx1sd6n65sx0thvfzfp6x0jp4qgwxtudpx575wpwqespdlva2wldul9xk,500.0
account_rdx168vxuy44n390g7hs3ntjt3ljraaxx2c3tetvewzrf7jkstut7zucdr,validator_rdx1sd6n65sx0thvfzfp6x0jp4qgwxtudpx575wpwqespdlva2wldul9xk,250.0
account_rdx169lj3duq7tuz5hth7kph83mw5xke5mpgj3zpxyhvmq8dg9jw65q30s,validator_rdx1sd6n65sx0thvfzfp6x0jp4qgwxtudpx575wpwqespdlva2wldul9xk,230.0
account_rdx16xlek8ls0ryadjcl928m49r42rwpwdaxkpfgt4mluetlxhusglmmtw,validator_rdx1sd6n65sx0thvfzfp6x0jp4qgwxtudpx575wpwqespdlva2wldul9xk,230.0
account_rdx169834rgkjrvfpl35urvmndnj7azln0cnndmh070d7gre7rtssm7njw,validator_rdx1sd6n65sx0thvfzfp6x0jp4qgwxtudpx575wpwqespdlva2wldul9xk,230.0
account_rdx168qjcmflkpcys4cpgw0mqy83ng4zx7sgmqmth4jvx547rn5nxl67cm,validator_rdx1sd6n65sx0thvfzfp6x0jp4qgwxtudpx575wpwqespdlva2wldul9xk,230.0
account_rdx168n62dwuyf97kdpemgzkeut9zy5cclujshs32y95yrmgzat2y5s48e,validator_rdx1sd6n65sx0thvfzfp6x0jp4qgwxtudpx575wpwqespdlva2wldul9xk,230.0
account_rdx168qv9n90t756qh4lml48uhw5tsjdfvf6cqhn2reyspsz8vfnrzj7u6,validator_rdx1sd6n65sx0thvfzfp6x0jp4qgwxtudpx575wpwqespdlva2wldul9xk,230.0
account_rdx169dev5wchcs6u2up8ar59kxxme7tnn0uk4yz26fvwc9ckgchm6ns56,validator_rdx1sd6n65sx0thvfzfp6x0jp4qgwxtudpx575wpwqespdlva2wldul9xk,230.0
account_rdx1684xay0e40ctjdt00e9l36f2v9uzlxw7pwxmxp3nmyljxh62sxmuez,validator_rdx1sd6n65sx0thvfzfp6x0jp4qgwxtudpx575wpwqespdlva2wldul9xk,230.0
account_rdx16xerlarrh33zwp9pjluugd55pk5eszxspnyu5t0cwxjjsch8lgcywu,validator_rdx1sd6n65sx0thvfzfp6x0jp4qgwxtudpx575wpwqespdlva2wldul9xk,230.0
account_rdx16xhhs2ez092qxs5vcse9usse4ryelwjf56c7t38xxs0e7sna5gdyll,validator_rdx1sd6n65sx0thvfzfp6x0jp4qgwxtudpx575wpwqespdlva2wldul9xk,230.0
account_rdx169907la9hldkyqgdngrgs4jn9s7a4el650dw8sgdfrtadnc7a2wkxw,validator_rdx1sd6n65sx0thvfzfp6x0jp4qgwxtudpx575wpwqespdlva2wldul9xk,230.0
account_rdx168nsqwhsx4du6nksw4wvqd94a06cmdgn7lavsceacv4wrf9ssarl77,validator_rdx1sd6n65sx0thvfzfp6x0jp4qgwxtudpx575wpwqespdlva2wldul9xk,230.0
account_rdx12ya8phel2e20df6jsd9uyrhfus4efs75dj02v95sl66xeakw4pzvxt,validator_rdx1sd6n65sx0thvfzfp6x0jp4qgwxtudpx575wpwqespdlva2wldul9xk,215.0
account_rdx129f2lvusl9gylxzttc4g6ynjstyuwjd3hzr35m4shhy807lalpe60k,validator_rdx1sd6n65sx0thvfzfp6x0jp4qgwxtudpx575wpwqespdlva2wldul9xk,200.0
account_rdx16yk4x43x2e3darwn9atlp6w0jtu8hx4gyk5acpc058wvcjn4ha740u,validator_rdx1sd6n65sx0thvfzfp6x0jp4qgwxtudpx575wpwqespdlva2wldul9xk,200.0
account_rdx16ydszy8zt0ue264yt0pnelx5dpvupu3td6hgcv8q47g2e68d954t7n,validator_rdx1sd6n65sx0thvfzfp6x0jp4qgwxtudpx575wpwqespdlva2wldul9xk,200.0
account_rdx16xuzuzfrrzyng3j26gp75l0pqw3jyh6kg5795vn3sxzp6jqgeftvp2,validator_rdx1sd6n65sx0thvfzfp6x0jp4qgwxtudpx575wpwqespdlva2wldul9xk,150.0
account_rdx168443lwk0ls0smqhk2fefgv9h9u80jq86c230m90w0zs0efnzqy9sd,validator_rdx1sd6n65sx0thvfzfp6x0jp4qgwxtudpx575wpwqespdlva2wldul9xk,130.0
account_rdx16y583yfnuzpuwlq0pxulp3cqjewpks05agc7jg36w9l98ldk5hqg5u,validator_rdx1sd6n65sx0thvfzfp6x0jp4qgwxtudpx575wpwqespdlva2wldul9xk,130.0
account_rdx16xu080djvn7cqz0ah9h4tlhyc5rr32j9q0sph2hpw6fjgm9rcfzm0d,validator_rdx1sd6n65sx0thvfzfp6x0jp4qgwxtudpx575wpwqespdlva2wldul9xk,130.0
account_rdx16xg94jznqn8yew47rnrrzqy5r30tr7plvzntcurg7vsx2n5mdakdty,validator_rdx1sd6n65sx0thvfzfp6x0jp4qgwxtudpx575wpwqespdlva2wldul9xk,130.0
account_rdx169y6ex5qfkugk99gm20848mmm2hf4uec3sqpxha849rn74af4nxvz4,validator_rdx1sd6n65sx0thvfzfp6x0jp4qgwxtudpx575wpwqespdlva2wldul9xk,130.0
account_rdx168jf7f0pd5cfuzd84qa6m9jw7xanged5xpc49hkkkx2mav88fl20lk,validator_rdx1sd6n65sx0thvfzfp6x0jp4qgwxtudpx575wpwqespdlva2wldul9xk,130.0
account_rdx16x0ee5xypunm5zm95kyt339xlwaaegh5znvaj252qqz3044s7qj039,validator_rdx1sd6n65sx0thvfzfp6x0jp4qgwxtudpx575wpwqespdlva2wldul9xk,130.0
account_rdx16xme74awflgt450daqz28x66yhx8l0c37lvu029dccss6um8u7rcrz,validator_rdx1sd6n65sx0thvfzfp6x0jp4qgwxtudpx575wpwqespdlva2wldul9xk,130.0
account_rdx169pt2vxmsrzlrgeha89d7qkrpwhk37xfxzyl3k7qkwwe72r9tj07x2,validator_rdx1sd6n65sx0thvfzfp6x0jp4qgwxtudpx575wpwqespdlva2wldul9xk,130.0
account_rdx169wjzcnv4jttr8rhchqygxjthvz4dned5sm080jylzrhxpwzdzwwfq,validator_rdx1sd6n65sx0thvfzfp6x0jp4qgwxtudpx575wpwqespdlva2wldul9xk,130.0
account_rdx12ydaae9u9qmpkv806rnjtntq8mflgmpzkywwy48zv38xlzqq0v0728,validator_rdx1sd6n65sx0thvfzfp6x0jp4qgwxtudpx575wpwqespdlva2wldul9xk,110.0
account_rdx169wdnq6vd0cc9kzc7cxqs63k2pque7udhnsn4s40r624hvl6fejkq4,validator_rdx1sd6n65sx0thvfzfp6x0jp4qgwxtudpx575wpwqespdlva2wldul9xk,100.0
account_rdx169gu44s89keve8755wfads84t0cd2whlqt62gn93kp50zma60uzs2t,validator_rdx1sd6n65sx0thvfzfp6x0jp4qgwxtudpx575wpwqespdlva2wldul9xk,100.0
account_rdx16yzeqqeah26gswmknakzxxqtqr2q6k8gfqq4vtt7hkl0y78zx6vahx,validator_rdx1sd6n65sx0thvfzfp6x0jp4qgwxtudpx575wpwqespdlva2wldul9xk,100.0
account_rdx169uf5sn90y9p7a4znglm2dgjepz5udm8mxq4y0sx7h7mqq23g8063j,validator_rdx1sd6n65sx0thvfzfp6x0jp4qgwxtudpx575wpwqespdlva2wldul9xk,100.0
account_rdx168vsaxsc6rj6l0gj75k9e8hh3p4e9agy4fal2mj9rh58y8xs8wmc3x,validator_rdx1sd6n65sx0thvfzfp6x0jp4qgwxtudpx575wpwqespdlva2wldul9xk,100.0
account_rdx16xeeea3sx58tmgjhn4jgggy4mcd2zcguv828u4h0m2ylg39wyjn8da,validator_rdx1sd6n65sx0thvfzfp6x0jp4qgwxtudpx575wpwqespdlva2wldul9xk,100.0
account_rdx16yzpz0zgntyqfm79522ndrcwuxte53c6ryh85kchm9xe7yu0fdn6r3,validator_rdx1sd6n65sx0thvfzfp6x0jp4qgwxtudpx575wpwqespdlva2wldul9xk,100.0
account_rdx168qj0fz804e84cy9ey9swdj695mnhy26hxsqy4m8xvtm48kdxlseu2,validator_rdx1sd6n65sx0thvfzfp6x0jp4qgwxtudpx575wpwqespdlva2wldul9xk,100.0
account_rdx169gcdcf6pgn7cqx307zzcackvsw9hledghup8gz0st36v2s5mk7v9x,validator_rdx1sd6n65sx0thvfzfp6x0jp4qgwxtudpx575wpwqespdlva2wldul9xk,100.0
account_rdx16y8ak90rn5twfcs5gucdfvnj8p6dg3ky4res5k09krf3xrzgw69s0k,validator_rdx1sd6n65sx0thvfzfp6x0jp4qgwxtudpx575wpwqespdlva2wldul9xk,100.0
account_rdx16ywvj7nvguh9zl2jnx0mmt0k6tshkpts5ccql8z8c52lskz25a4mhk,validator_rdx1sd6n65sx0thvfzfp6x0jp4qgwxtudpx575wpwqespdlva2wldul9xk,100.0
account_rdx169azzyuy4y5nltvtp9tq49yj8mum0gce2ld8q8e8c32v9xl80yvt3y,validator_rdx1sd6n65sx0thvfzfp6x0jp4qgwxtudpx575wpwqespdlva2wldul9xk,100.0
account_rdx16x8n4q2avj7jfkvu3mqckutgffnfxs3aczz9ecdf4p6k2lplfxveuu,validator_rdx1sd6n65sx0thvfzfp6x0jp4qgwxtudpx575wpwqespdlva2wldul9xk,100.0
account_rdx168yjmtc2mpsf5w79z05akv6psetv8kpzf890k024gzhl7v8y7l5m2m,validator_rdx1sd6n65sx0thvfzfp6x0jp4qgwxtudpx575wpwqespdlva2wldul9xk,100.0
account_rdx168jwcaadvld2060ttzxgun43avmz7frasl00mz9vdmartg9jhw209g,validator_rdx1sd6n65sx0thvfzfp6x0jp4qgwxtudpx575wpwqespdlva2wldul9xk,100.0
account_rdx169qvk8wanjxh3h0suy3qp3q3z2t5u2wdu4px2j57kn82qfh2chjuc0,validator_rdx1sd6n65sx0thvfzfp6x0jp4qgwxtudpx575wpwqespdlva2wldul9xk,100.0
account_rdx169zsa4l3nm88hjsapyjcw4223w6y9zt0t6s43xkrr76ya9juaxgzm2,validator_rdx1sd6n65sx0thvfzfp6x0jp4qgwxtudpx575wpwqespdlva2wldul9xk,100.0
account_rdx16yfc2d8pdt069ggyvsvh40zqp7latc7lshuug49y6q0va3lftc69jy,validator_rdx1sd6n65sx0thvfzfp6x0jp4qgwxtudpx575wpwqespdlva2wldul9xk,100.0
account_rdx168avr23lxu038amv9t73j89ggd356z4js7cez0vn4cx7c5swnsuey5,validator_rdx1sd6n65sx0thvfzfp6x0jp4qgwxtudpx575wpwqespdlva2wldul9xk,100.0
account_rdx1683c5vr20e52pyv8d3uzuy37l6jk48jn9zrgzzrv3v0p4dnra4r4g0,validator_rdx1sd6n65sx0thvfzfp6x0jp4qgwxtudpx575wpwqespdlva2wldul9xk,100.0
account_rdx169eqs5fr2uvxsu6akxdghxhnqhqm04u8ys7fheryqkphvnlau3wanl,validator_rdx1sd6n65sx0thvfzfp6x0jp4qgwxtudpx575wpwqespdlva2wldul9xk,100.0
account_rdx16xufmwj5at77hyjg9eyy44p7fnzwcattzt5zu4w8ur235d9z0w0wzy,validator_rdx1sd6n65sx0thvfzfp6x0jp4qgwxtudpx575wpwqespdlva2wldul9xk,100.0
account_rdx168tpuzzn6sm6ueqlngsfkjxm9kdkhx85m7lahe07pc95eekmxj9hna,validator_rdx1sd6n65sx0thvfzfp6x0jp4qgwxtudpx575wpwqespdlva2wldul9xk,100.0
account_rdx169pmn30wftgt2m2hwmkgdj3fknd5dafswlwfqfh874leswq5fxaz0p,validator_rdx1sd6n65sx0thvfzfp6x0jp4qgwxtudpx575wpwqespdlva2wldul9xk,50.0
account_rdx12xsdf0dsy2hr2rvdk02lxwp309xjp57n33vskg09t9djgqdlm7y283,validator_rdx1sd6n65sx0thvfzfp6x0jp4qgwxtudpx575wpwqespdlva2wldul9xk,8.0
account_rdx1684nwksx433xfqe9c9024sct9tq93q94umwruh0srs6mnewnkzzysg,validator_rdx1sd6n65sx0thvfzfp6x0jp4qgwxtudpx575wpwqespdlva2wldul9xk,2.0
account_rdx16ygrvgkn349n565j7afdfhx6hw4yxaftpyalascd3mlv7as4qsrnn9,validator_rdx1sd6n65sx0thvfzfp6x0jp4qgwxtudpx575wpwqespdlva2wldul9xk,1.1538461538461537
